user_id,organization_id,start_date
i35aas1ou,8ZZY12,2022-06-08
ljrrgejl6,NKPKVG,2021-04-08
552zf1kpq,OQS1UM,2022-12-01
23z0y924d,7T6I50,2022-12-21
yy7ehibxs,QI395J,2021-01-14
si55yxtbk,9S2GJ1,2022-09-07
euuttq961,7T6I50,2022-04-26
yrrglwldy,MBCD4P,2022-12-19
g60y72gyq,O2Y6MV,2022-03-10
07h7f3l7v,O2Y6MV,2022-06-16
4nrnum5i9,2SGWFR,2022-06-05
vxdjtptpq,S94CQB,2020-05-03
ieg01di2b,J8C9F9,2022-12-27
oiqyqb2yj,T1NZHM,2022-11-24
q5k7sv3yi,9S2GJ1,2022-12-27
36toytq3w,GZC4Z3,2022-11-19
bjkjlqjmx,T1NZHM,2022-10-19
tsythg7pl,VQWNO3,2022-07-03
xqnm7z4e9,76OQME,2022-08-22
y7joxq5jb,J8C9F9,2022-07-03
mw6rd4fbj,VQWNO3,2022-11-07
0mtp1vqdp,VQWNO3,2022-12-04
ntj7953xa,WAO889,2022-04-18
zsn3jkf8g,MBCD4P,2022-12-25
er4nryx84,MBCD4P,2022-12-23
6w1tex9hd,T1NZHM,2022-09-30
6n7q2uhw3,XT6NGQ,2021-11-28
h85h0878q,D8G0Q5,2022-07-31
ru4og7abu,NKPKVG,2021-09-24
04otw7y41,VQWNO3,2022-11-14
7ffga2r3i,NKPKVG,2022-03-26
uhxou1y9d,QI395J,2020-10-21
gav78oa3u,S94CQB,2020-11-09
r2xp0x4mr,UNJ7U8,2022-08-29
1w9k9ch2t,UBN5Y3,2022-01-11
hq7uj3vmg,QI395J,2020-12-29
hh9zjk7rl,UZJ73Q,2022-05-21
s1nx8oxql,QI395J,2021-02-10
lrdh0qb4p,VQWNO3,2022-09-24
io0x4k6qu,VQWNO3,2022-02-11
hsg4prma9,GZC4Z3,2022-06-12
8bcz6c65v,8ZZY12,2022-04-13
d1493qwa7,J8C9F9,2022-12-09
befq7d0n3,MBCD4P,2022-12-22
d7quy2yv0,2SGWFR,2022-03-25
q2du7xru8,VFR95L,2021-06-07
9b3wdtvea,VQWNO3,2022-02-19
zrrmizaur,MBCD4P,2022-12-25
fw32qvgqu,AD9KRT,2021-10-11
yd4gnvwgq,9S2GJ1,2022-11-19
5l7y6fh9f,UZJ73Q,2022-08-28
zp5u9e1iu,8OF4EY,2022-06-06
huvttagxw,VFR95L,2022-09-08
mxv5qykbo,6ENQ7E,2022-06-19
1rb1qm9ll,7T6I50,2022-08-03
pfimks975,P3ZCDC,2020-08-08
j6539rweh,MBCD4P,2022-12-22
a33o2fz4x,S94CQB,2021-07-11
t7wjxzg2x,J8C9F9,2021-11-27
4hcw2frlg,7T6I50,2022-04-20
mjnn0r60g,N2JFKL,2022-09-12
wywy66gr5,RRL30W,2022-04-30
ccngbwgsp,VQWNO3,2022-05-23
yyaq0t4j5,6ENQ7E,2022-07-04
t2g0nr3vz,GZC4Z3,2022-04-28
qth3gie8v,QI395J,2022-01-26
lhfhq4xfn,0INEY8,2022-09-22
1p38kriu1,INAKOO,2022-08-22
ir9vttlhs,VQWNO3,2022-06-20
q6ndpmok6,VQWNO3,2022-01-27
62dkk4tk0,3ECWPZ,2022-04-04
zlnchhzm0,J8C9F9,2022-09-04
9cawzn22b,N2JFKL,2022-04-29
8spf5zcyg,7T6I50,2022-07-22
rvqj11q8z,2SGWFR,2021-09-27
cqhywlls9,9S2GJ1,2022-12-16
2649g5cnv,8K6V37,2022-05-23
4z1vlnktq,O2Y6MV,2022-06-16
5ebrcf5xp,3ECWPZ,2021-08-15
pbax9iq2q,N6RH1N,2022-10-03
9rwiehlgs,0INEY8,2022-09-24
ot64iu3ol,OQS1UM,2022-08-22
x4qna8eiz,VQWNO3,2022-08-15
3smggvunk,VQWNO3,2022-07-02
fh2vav74e,UBN5Y3,2022-12-23
mz57uqgnp,9S2GJ1,2022-11-16
8r76hc99j,AD9KRT,2021-12-04
91icsbuy8,MBCD4P,2022-12-23
bf03dtp8h,QI395J,2021-06-25
qbnexf5ms,VQWNO3,2022-08-04
6otmgvu93,3ECWPZ,2020-07-30
59gbx0wvt,QYXOVL,2022-11-29
u616pb8pn,9S2GJ1,2022-09-28
x94u42dkb,VFR95L,2022-03-11
041mj3vz6,JLXRGA,2022-12-18
7e9891tx8,T1NZHM,2022-10-23
ghcip78o0,VQWNO3,2022-10-12
y5zdfk1zu,J8C9F9,2022-12-20
a2b7tezc6,T1NZHM,2022-10-24
ja0tb6u9t,GZC4Z3,2022-04-05
hh9vyjx04,VQWNO3,2021-12-12
n7qtyhdvp,VQWNO3,2022-05-21
ffvj5gf3o,J8C9F9,2022-01-19
gds9tfna4,J8C9F9,2022-12-06
93dzz6d6v,S94CQB,2020-12-10
sbltva6jy,VQWNO3,2022-02-28
dwf61nhdx,WAO889,2022-07-07
aw2fcyx50,MBCD4P,2022-12-13
z1mxbsmzt,VQWNO3,2022-10-13
14yxgughu,O2Y6MV,2022-04-25
mzkp1ztgu,85CHCI,2022-05-27
u5as6fof4,GZC4Z3,2022-04-14
sidvnt86f,7T6I50,2022-07-29
cpy4qfcqs,QYXOVL,2022-09-27
5dfxphv2o,T1NZHM,2022-11-12
sr2aiuysf,85CHCI,2022-09-19
kdwz2o4si,O2Y6MV,2022-12-12
cmwh865az,CZB626,2022-12-19
pby7ocb0z,WAO889,2022-10-27
hfw6fehpl,NKPKVG,2022-03-27
bf4cvjuc5,J8C9F9,2021-08-20
ol48gvja2,D8G0Q5,2022-05-14
fk80vlc4c,QI395J,2022-10-29
kd4ze3pbj,GZC4Z3,2022-10-21
4rny1ubev,GZC4Z3,2022-07-30
pfne4yeg5,VQWNO3,2022-01-21
9wfutuq1v,GZC4Z3,2022-06-01
z9elo3zys,N2JFKL,2021-11-10
ks5t2l2gc,GZC4Z3,2022-05-02
vxxqsazcn,N6RH1N,2022-12-23
vg0pyjw4w,GZC4Z3,2022-07-06
mc7038748,RRL30W,2022-01-29
kk1wi17wl,JLXRGA,2022-12-02
9q8xa5sjo,N6RH1N,2022-08-16
eyx5n0d2o,AD9KRT,2022-10-23
s61351oif,OQS1UM,2022-05-07
q6k2gkxhg,QYXOVL,2022-11-23
peuplcuz2,JLXRGA,2022-12-09
l8jokk8hm,VQWNO3,2022-03-04
z03qa0qbh,MBCD4P,2022-12-15
3eens6aes,GZC4Z3,2021-08-25
5xjx4maip,R3TH51,2022-10-13
hy1yxtmf0,S94CQB,2022-10-11
2h0bqhody,UZJ73Q,2022-08-09
l8k2sxy32,J8C9F9,2021-07-08
43dd4daia,GZC4Z3,2022-03-26
53e41w3sg,1H800Y,2022-07-10
vo9uswn0z,GZC4Z3,2021-10-02
nj7i553ku,XT6NGQ,2021-02-03
p8lafwchy,GZC4Z3,2022-11-28
pr18mslhf,UZJ73Q,2022-08-04
1fy1j6iyp,QYXOVL,2022-12-26
wsyloyq50,7T6I50,2022-11-08
j5b8wne2s,9S2GJ1,2022-09-14
fczf376cz,3JYH49,2022-11-27
tu4mfptvn,0INEY8,2022-09-02
df0lahm9k,VQWNO3,2022-08-21
6y66kqdlc,7T6I50,2022-06-12
nebcs3l61,R3TH51,2022-11-22
hmpxkay67,J8C9F9,2021-10-17
vsz0s2ass,T1NZHM,2022-10-12
xykr5q473,NKPKVG,2021-11-07
vp3793is5,JLXRGA,2022-12-13
thp8lqrad,CZB626,2022-11-03
zfy212aj7,UZJ73Q,2022-08-30
exkur2j76,O2Y6MV,2022-10-07
p3k5dh0hl,UBN5Y3,2022-07-28
55opvh5zm,YJ0QR3,2022-09-28
trc92kyt2,O2Y6MV,2022-10-01
cx5ikht6g,0INEY8,2022-10-13
klhjwmjxb,MBCD4P,2022-12-20
5jvbi0qyz,VQWNO3,2022-02-20
0fowolhh1,QI395J,2021-08-06
n49mwj25e,VQWNO3,2022-04-29
s3egle6ox,AD9KRT,2022-07-13
6zj1ce653,UNJ7U8,2020-09-21
on7ahosbh,7T6I50,2022-07-12
iooaei3ab,JLXRGA,2022-12-12
aniylhmp0,GZC4Z3,2022-02-21
hapqrtdh5,8K6V37,2022-06-27
t7f2xav3h,JLXRGA,2022-12-30
477gmxo0n,VQWNO3,2022-11-08
kv0n5cc57,76OQME,2022-06-30
bkix6wru9,UNJ7U8,2021-08-20
pul3lgxhg,S94CQB,2021-11-03
tq3g32i78,TXO7FK,2022-02-27
z3ia9sbt0,8ZZY12,2022-10-20
lz6xl3qpz,INAKOO,2022-11-25
ydcb46y0v,YJ0QR3,2021-02-27
f3d0z2waj,J8C9F9,2022-04-04
lm2jbkm30,VQWNO3,2022-12-23
kdfkeovc8,S94CQB,2021-08-26
ftm6y3rd2,GZC4Z3,2022-10-14
w1rv9jjbw,WAO889,2022-06-11
1z77m31pt,WAO889,2022-01-01
6cfh14pjh,N6RH1N,2022-09-24
2ruuqbxeg,VFR95L,2022-06-06
y8ybkm3ry,N6RH1N,2022-09-18
xkxca4yay,8ZZY12,2022-11-26
n7lvv3va5,GZC4Z3,2022-10-08
